"filename","city","state","lat","lon","correct_city","quality","confidence","landmarks","architecture","signs","nature","urban","beach","people","vehicles","text","custom_tags","notes","annotated_at","annotated_by"
"wikimedia_Ciudad de M√©xico_CDMX_1_1764045645.jpg","Ciudad de M√©xico","CDMX",19.432608,-99.133209,"‚úÖ",3,90,False,True,False,False,True,False,False,True,False,"arquitectura moderna,edificios altos,ciudad,paisaje urbano,calles,cielo","La imagen muestra una vista panor√°mica de la Ciudad de M√©xico, destacando su arquitectura moderna y un entorno urbano con calles y edificios altos. Se aprecian detalles de la vida citadina.","2025-11-25T07:06:02.623754","Emma"
"wikimedia_Ciudad de M√©xico_CDMX_7_1764045658.jpg","Ciudad de M√©xico","CDMX",19.432608,-99.133209,"‚úÖ",3,90,False,True,False,False,True,False,False,False,False,"arquitectura moderna,edificios altos,ciudad,paisaje urbano,fachadas,rascacielos","La imagen muestra un primer plano de varios edificios modernos y altos en un entorno urbano, destacando sus fachadas y el contraste de sus dise√±os.","2025-11-25T07:07:47.772169","Emma"
"wikimedia_Ciudad de M√©xico_CDMX_2_1764045647.jpg","Ciudad de M√©xico","CDMX",19.432608,-99.133209,"‚úÖ",3,85,False,True,False,False,False,False,False,False,False,"biblioteca,libros,estanter√≠as,arquitectura interior,profundidad,perspectiva,pabell√≥n","La imagen muestra un largo pasillo entre estanter√≠as de libros, creando una fuerte sensaci√≥n de profundidad y perspectiva. Es una vista interior de una biblioteca o archivo grande.","2025-11-25T07:16:32.692669","Emma"
"wikimedia_Ciudad de M√©xico_CDMX_8_1764045660.jpg","Ciudad de M√©xico","CDMX",19.432608,-99.133209,"‚úÖ",3,95,True,True,False,False,False,False,False,False,False,"arquitectura barroca,torre,campanario,colonial,cielo azul,detalle arquitect√≥nico,deteriorado,cantera","Primer plano de una torre de piedra (posiblemente un campanario) de estilo barroco o colonial. Se aprecian detalles ornamentados y signos de deterioro o antig√ºedad, con vegetaci√≥n creciendo en la cima. Fondo de cielo azul claro.","2025-11-25T07:18:26.606953","Emma"
"wikimedia_Ciudad de M√©xico_CDMX_9_1764045662.jpg","Ciudad de M√©xico","CDMX",19.432608,-99.133209,"‚úÖ",4,90,True,True,False,False,False,False,False,False,False,"interior de iglesia,templo,nave,altar,arquitectura religiosa,b√≥vedas,arte sacro,bancos de madera,iluminaci√≥n","La imagen captura el interior de una iglesia o capilla. Muestra la nave central con filas de bancas de madera, grandes arcos y una iluminaci√≥n que proyecta tonos azules y morados en las b√≥vedas, destacando el altar al fondo","2025-11-25T07:23:16.353065","Emma"
"wikimedia_Ciudad de M√©xico_CDMX_11_1764045665.jpg","Ciudad de M√©xico","CDMX",19.432608,-99.133209,"‚úÖ",4,100,True,True,False,False,True,False,False,False,False,"arquitectura moderna,museo Soumaya,rascacielos,dise√±o curvo,fachada met√°lica,hex√°gonos,edificio ic√≥nico,CDMX","Primer plano del Museo Soumaya, un edificio de arquitectura moderna e ic√≥nica en la Ciudad de M√©xico. Se destaca su forma curvada y la fachada recubierta con miles de hex√°gonos met√°licos","2025-11-25T07:23:58.801134","Emma"
"wikimedia_Ciudad de M√©xico_CDMX_13_1764045671.jpg","Ciudad de M√©xico","CDMX",19.432608,-99.133209,"‚úÖ",4,90,True,True,False,False,False,False,False,False,False,"c√∫pula,techo,arquitectura interior,Art Dec√≥,art nouveau,vidriera,tragaluz,iluminaci√≥n,dise√±o circular,ornamento","Vista cenital del techo interior o c√∫pula. El dise√±o es circular, probablemente un tragaluz o vitral, enmarcado por arquitectura de estilo cl√°sico con una fuerte iluminaci√≥n dorada en las paredes circundantes","2025-11-25T07:24:45.487308","Emma"
"wikimedia_Ciudad de M√©xico_CDMX_10_1764045664.jpg","Ciudad de M√©xico","CDMX",19.432608,-99.133209,"‚úÖ",5,100,True,True,False,True,True,False,True,True,False,"Palacio de Bellas Artes,arquitectura monumental,c√∫pula,centro hist√≥rico,paisaje urbano,vista a√©rea,parque,ciudad,monumento","Vista a√©rea o desde un edificio alto del Palacio de Bellas Artes en CDMX, mostrando su ic√≥nica c√∫pula de colores naranja y amarillo. La imagen captura el contexto urbano circundante, incluyendo calles, tr√°fico y √°reas verdes adyacentes al edificio","2025-11-25T07:26:18.967648","Emma"
"wikimedia_Ciudad de M√©xico_CDMX_14_1764045673.jpg","Ciudad de M√©xico","CDMX",19.432608,-99.133209,"‚úÖ",4,95,True,True,False,True,False,False,False,False,False,"arquitectura colonial,campanario,torre,iglesia,ladrillo,tezontle,deterioro,barroco,vegetaci√≥n,cielo","Detalle de una torre o campanario colonial, probablemente construido con ladrillo o piedra volc√°nica roja (tezontle). La estructura muestra signos de antig√ºedad y deterioro, con abundante vegetaci√≥n creciendo en la parte superior. El cielo es de un tono claro o blanco","2025-11-25T07:27:03.576757","Emma"
"wikimedia_Ciudad de M√©xico_CDMX_12_1764045669.jpg","Ciudad de M√©xico","CDMX",19.432608,-99.133209,"‚úÖ",4,100,True,True,False,False,False,False,False,False,False,"Palacio Postal,arquitectura interior,tragaluz,techo de cristal,art nouveau,detalles arquitect√≥nicos,ornamento,herrer√≠a,CDMX","Vista cenital del impresionante tragaluz de cristal y herrer√≠a en el techo del Palacio Postal en la Ciudad de M√©xico. La arquitectura de estilo Art Nouveau est√° fuertemente detallada en el marco interior.","2025-11-25T07:29:01.657818","Emma"
"pexels_Ciudad de M√©xico_CDMX_1_1764045677.jpg","Ciudad de M√©xico","CDMX",19.432608,-99.133209,"‚ùå",4,100,False,True,False,True,True,False,False,True,False,"Monterrey,Cerro de la Silla,paisaje urbano,rascacielos,monta√±a,sierra,ciudad,vista panor√°mica,arquitectura moderna","Vista panor√°mica de la ciudad de Monterrey, Nuevo Le√≥n, con el ic√≥nico Cerro de la Silla en el centro de la escena. Se observa una mezcla de rascacielos modernos y zonas residenciales, con una zona de festival o evento en la parte baja central. NOTA: La ciudad en la imagen es Monterrey, no CDMX, a pesar de lo que indica la metadata adjunta.","2025-11-25T07:30:08.853263","Emma"
"pexels_Ciudad de M√©xico_CDMX_3_1764045679.jpg","Ciudad de M√©xico","CDMX",19.432608,-99.133209,"‚úÖ",4,95,False,True,False,True,True,False,True,False,True,"manifestaci√≥n,protesta,marcha,mujeres,feminismo,morado,letrero,activismo,gente,multitud,urbano,CDMX","Una toma de una manifestaci√≥n o marcha, con un grupo de mujeres vistiendo ropa morada. El letrero visible lleva un mensaje de protesta. El evento se desarrolla en un contexto urbano, con √°rboles y edificios altos visibles al fondo.","2025-11-25T07:30:59.795657","Emma"
"wikimedia_Guadalajara_Jalisco_1_1764045686.jpg","Guadalajara","Jalisco",20.659699,-103.349609,"‚úÖ",4,100,True,True,False,False,True,False,False,False,False,"Guadalajara,Jalisco,catedral,arquitectura g√≥tica,neog√≥tico,blanco y negro,nocturna,torres,iglesia,monumento,ciudad","Toma en blanco y negro de una de las torres de la Catedral de Guadalajara, Jalisco, iluminada de noche. Se aprecia el estilo arquitect√≥nico g√≥tico o neog√≥tico","2025-11-25T07:31:42.857770","Emma"
"wikimedia_Guadalajara_Jalisco_5_1764045693.jpg","Guadalajara","Jalisco",20.659699,-103.349609,"‚úÖ",4,100,True,True,False,True,True,False,False,False,False,"Glorieta Minerva,estatua,monumento,nocturna,iluminaci√≥n,arquitectura urbana,Jalisco,escultura,paisaje nocturno","La estatua de La Minerva en Guadalajara, Jalisco, vista de noche. La toma captura el monumento iluminado en su base de fuente, con un fuerte contraste de colores debido a la iluminaci√≥n artificial y las plantas","2025-11-25T07:32:25.636101","Emma"
"wikimedia_Guadalajara_Jalisco_7_1764045695.jpg","Guadalajara","Jalisco",20.659699,-103.349609,"‚úÖ",4,95,True,False,False,True,True,False,False,False,False,"estatua,escultura,monumento,figura ecuestre,personaje hist√≥rico,aire libre,cielo azul,pedestal,jard√≠n","Estatua ecuestre de un personaje hist√≥rico (a caballo) en Guadalajara, Jalisco. La imagen est√° tomada a la altura del monumento contra el fondo de cielo azul y un poco de vegetaci√≥n.","2025-11-25T07:33:09.997335","Emma"
"pexels_Ciudad de M√©xico_CDMX_2_1764045678.jpg","Ciudad de M√©xico","CDMX",19.432608,-99.133209,"ü§î",3,95,False,True,True,False,True,False,False,False,True,"hotel,arquitectura moderna,fachada de piedra,ventanas,edificio de oficinas,urbano,CDMX,letrero","Primer plano de un edificio hotelero o de oficinas de arquitectura moderna con fachada de bloques de piedra. La toma se centra en la repetici√≥n de las ventanas cuadradas. El logo de 'One' es visible en la esquina inferior izquierda.","2025-11-25T07:35:55.454164","Emma"
"pexels_Ciudad de M√©xico_CDMX_4_1764045680.jpg","Ciudad de M√©xico","CDMX",19.432608,-99.133209,"ü§î",2,85,True,True,False,False,True,False,True,False,False,"retrato,mujer,noche,iluminaci√≥n,luces de hadas,edificio hist√≥rico,arquitectura cl√°sica,fotograf√≠a,retrato urbano","Retrato de una mujer en primer plano de noche. Sostiene luces de hadas que proporcionan el foco y la iluminaci√≥n principal. El fondo desenfocado muestra un gran edificio con arquitectura de estilo cl√°sico, fuertemente iluminado, sugiriendo una localizaci√≥n en el centro de una ciudad grande.","2025-11-25T07:41:17.608259","Emma"
"wikimedia_Guadalajara_Jalisco_6_1764045694.jpg","Guadalajara","Jalisco",20.659699,-103.349609,"ü§î",3,95,True,True,False,False,False,False,False,False,False,"arquitectura colonial,arcos,p√≥rtico,claustro,columnas de piedra,piso de ladrillo,adoqu√≠n,muro blanco,patio,entrada","Una vista de un p√≥rtico o claustro colonial, con arcos de piedra que descansan sobre columnas robustas. La pared de fondo es blanca y contrasta con el techo de vigas de madera. El piso es de baldosas de terracota bajo el p√≥rtico y de adoquines en el exterior.","2025-11-25T07:42:14.164268","Emma"
"wikimedia_Guadalajara_Jalisco_9_1764045698.jpg","Guadalajara","Jalisco",20.659699,-103.349609,"‚úÖ",5,80,True,True,True,True,True,False,True,False,True,"Catedral de Guadalajara,torres,arquitectura religiosa,monumento,cantera,centro hist√≥rico,transporte p√∫blico,sitren,bus tur√≠stico,paisaje urbano","La fachada principal de la Catedral de Guadalajara, Jalisco, con sus caracter√≠sticas torres de puntas amarillas, parcialmente enmarcada por la parte superior de un autob√∫s tur√≠stico de la l√≠nea SITREN","2025-11-25T07:43:07.138299","Emma"
"wikimedia_Guadalajara_Jalisco_12_1764045703.jpg","Guadalajara","Jalisco",20.659699,-103.349609,"ü§î",3,90,True,True,False,True,True,False,True,False,False,"multitud,gente,noche,evento social,centro hist√≥rico,arquitectura colonial,cantera,polic√≠a,arbolado,iluminaci√≥n urbana,vida nocturna","Una multitud de personas reunidas en una calle de un centro hist√≥rico por la noche. Los edificios circundantes son de piedra de estilo colonial con grandes columnas. Hay iluminaci√≥n urbana fuerte y un oficial en el primer plano.","2025-11-25T07:43:49.355378","Emma"
"wikimedia_Guadalajara_Jalisco_14_1764045706.jpg","Guadalajara","Jalisco",20.659699,-103.349609,"ü§î",3,90,True,True,False,True,True,False,True,True,False,"iglesia,fachada religiosa,templo,arquitectura barroca,cantera,escalinata,atrio elevado,cruz de piedra,campanario,torre,personas sentadas,peatones,√°rboles,cielo nublado,perspectiva de √°ngulo bajo,triciclo,bici-taxi","Iglesia de fachada de piedra con un gran atrio elevado al que se accede por una amplia escalinata de piedra. La escena incluye personas sentadas en los escalones y un triciclo de carga en el primer plano izquierdo, situando la escena en un entorno urbano hist√≥rico.","2025-11-25T07:45:42.397052","Emma"
"pexels_Guadalajara_Jalisco_1_1764045712.jpg","Guadalajara","Jalisco",20.659699,-103.349609,"‚úÖ",5,100,True,True,False,True,True,False,False,True,False,"Arcos de Guadalajara,monumento,arco triunfal,arquitectura monumental,noche,iluminaci√≥n de colores,contraste de luz,larga exposici√≥n,tr√°fico,l√≠neas de luz,arquitectura neocl√°sica,escudo,texto legible,Jalisco","Vista nocturna de los Arcos de Guadalajara, con iluminaci√≥n artificial de colores (azul y morado) destacando la estructura. La toma usa una exposici√≥n larga, creando estelas de luz en el asfalto de la calle, indicando tr√°fico en la base del monumento","2025-11-25T07:46:38.472428","Emma"
"pexels_Guadalajara_Jalisco_3_1764045714.jpg","Guadalajara","Jalisco",20.659699,-103.349609,"‚úÖ",5,95,True,True,True,True,True,False,True,False,True,"catedral,iglesia,arquitectura neog√≥tica,torres gemelas,fachada de piedra rosa,cantera rosa,roset√≥n,plaza p√∫blica,atrio,fuente,cielo azul,soleado,farolas,monumentos","Toma frontal de una gran catedral con dos altas torres gemelas de estilo g√≥tico o neog√≥tico. La fachada es de un color cantera rosada/terracota y domina la vista desde el centro de una plaza abierta con √°rboles y mobiliario urbano. El cielo est√° despejado y azul.","2025-11-25T07:47:52.465316","Emma"
"wikimedia_Monterrey_Nuevo Le√≥n_1_1764045716.jpg","Monterrey","Nuevo Le√≥n",25.686613,-100.316116,"‚úÖ",5,100,True,True,False,True,True,False,True,True,False,"catedral,arquitectura barroca,neocl√°sico,iglesia,torre de campanario,fachada monumental,plaza p√∫blica,parque,√°rboles,cielo azul,soleado,peatones,personas sentadas,mobiliario urbano,carros estacionados","Toma de la Catedral Metropolitana de Monterrey vista desde un parque adyacente. La imagen captura la alta torre y la fachada de color claro, con personas disfrutando de la sombra de los √°rboles en el primer plano. Hay tr√°fico estacionado en la calle frente a la iglesia","2025-11-25T07:48:49.959651","Emma"
"wikimedia_Monterrey_Nuevo Le√≥n_11_1764045836.jpg","Monterrey","Nuevo Le√≥n",25.686613,-100.316116,"‚úÖ",4,90,False,True,False,True,True,False,False,False,False,"imagen satelital,vista a√©rea,geograf√≠a,cadena monta√±osa,Cordillera de los Andes,Cordillera de la Costa,valle,cuenca urbana,ciudad,mancha urbana,tejido urbano,patrones de calles,densidad poblacional,vegetaci√≥n densa,√°rea verde,√°rea agr√≠cola,deforestaci√≥n","Imagen de sat√©lite que muestra una gran metr√≥polis central, caracterizada por un patr√≥n de calles que se irradia. La ciudad est√° situada en un valle o cuenca rodeada por dos grandes cadenas monta√±osas con relieves marcados y vegetaci√≥n densa. El contraste entre la mancha urbana densa (gris/p√∫rpura) y la vegetaci√≥n natural (verde) es muy fuerte.","2025-11-25T07:50:20.543440","Emma"
"pexels_Monterrey_Nuevo Le√≥n_1_1764045842.jpg","Monterrey","Nuevo Le√≥n",25.686613,-100.316116,"‚úÖ",4,90,False,False,False,True,False,False,True,False,False,"retrato de quincea√±era,vestido de gala,vestido rosa,mujer joven,monta√±a,Sierra Madre Oriental,paisaje rocoso,piedra caliza,grava,r√≠o seco,vegetaci√≥n de monta√±a,cielo azul,soleado,M√©xico","Retrato en cuerpo completo de una joven con un gran vestido de quincea√±era de color rosa intenso, posando sobre un lecho de grava de r√≠o seco. El fondo est√° dominado por una monta√±a imponente, con una formaci√≥n rocosa escarpada y vertical, caracter√≠stica de la Sierra Madre","2025-11-25T07:51:06.739010","Emma"
"pexels_Monterrey_Nuevo Le√≥n_3_1764045844.jpg","Monterrey","Nuevo Le√≥n",25.686613,-100.316116,"‚úÖ",5,90,True,True,False,True,True,False,True,False,False,"estadio de f√∫tbol,deporte,f√∫tbol mexicano,Liga MX,Monterrey,Cerro de la Silla,arquitectura moderna,c√©sped,campo de juego,tribunas,p√∫blico,aficionados,multitud,iluminaci√≥n artificial,panorama monta√±oso","Vista interior del Estadio BBVA en Monterrey durante un partido de f√∫tbol, mostrando las tribunas llenas de aficionados. El ic√≥nico Cerro de la Silla enmarca la escena, visible a trav√©s de la abertura en el techo del estadio. El campo de c√©sped est√° bien iluminado","2025-11-25T07:51:40.943489","Emma"
"wikimedia_Puebla_Puebla_0_1764045847.jpg","Puebla","Puebla",19.041296,-98.2062,"ü§î",3,90,False,False,False,True,False,False,False,False,False,"paisaje rural,camino de tierra,carretera sin pavimentar,vegetaci√≥n semides√©rtica,matorral espinoso,√°rboles secos,cielo nublado,agave,nopal,horizonte,perspectiva de camino,terreno √°rido,sendero","Vista de un camino de tierra sin pavimentar que serpentea a trav√©s de un paisaje rural y semi√°rido. La vegetaci√≥n es baja y escasa, caracter√≠stica de un matorral espinoso, con cactus y √°rboles peque√±os. El cielo tiene franjas de nubes blancas sobre un azul intenso","2025-11-25T07:52:12.081304","Emma"
"wikimedia_Puebla_Puebla_2_1764045850.jpg","Puebla","Puebla",19.041296,-98.2062,"‚úÖ",5,90,True,True,False,True,True,False,True,False,False,"Catedral de Puebla,fuente monumental,San Miguel Arc√°ngel,arquitectura colonial,torre de campanario,c√∫pula dorada,plaza p√∫blica,noche,iluminaci√≥n de colores,efectos de agua,palmeras,√°rboles,farolas,centro hist√≥rico","Vista nocturna de la Fuente de San Miguel en la plaza principal de Puebla, con la Catedral y su torre a la derecha. La fuente est√° iluminada con colores rojo y verde. La escena captura la atm√≥sfera del centro hist√≥rico de noche, con el pavimento mojado por la lluvia o la fuente.","2025-11-25T07:52:52.070166","Emma"
"wikimedia_Puebla_Puebla_4_1764045853.jpg","Puebla","Puebla",19.041296,-98.2062,"ü§î",5,80,True,True,False,False,False,False,False,False,False,"interior de iglesia,nave central,arquitectura barroca,b√≥veda celeste,decoraci√≥n dorada,altares laterales,retablos,bancos de madera,pila bautismal,arte sacro,iluminaci√≥n natural,perspectiva central,columnas salom√≥nicas","Vista frontal de la nave central de una iglesia. La b√≥veda de ca√±√≥n est√° pintada de azul y decorada con detalles dorados. Las paredes laterales tienen retablos, estatuas y columnas. El suelo de baldosas dirige la mirada hacia el altar principal al fondo. Filas de bancos de madera ocupan la parte central","2025-11-25T07:54:38.507283","Emma"
"wikimedia_Guadalajara_Jalisco_4_1764045692.jpg","Guadalajara","Jalisco",20.659699,-103.349609,"ü§î",5,90,True,True,True,False,True,False,True,True,True,"veh√≠culo comercial,camioneta de reparto,Coca-Cola,marca global,arquitectura colonial,arcos,portal,columnas,figura de calavera,Catrina,escaparate,peatonal,plaza p√∫blica,contraste cultural,publicidad","Una camioneta de reparto de Coca-Cola roja, de tama√±o peque√±o, estacionada bajo el p√≥rtico de un edificio hist√≥rico con arcos de piedra. Una figura vestida de Catrina (esqueleto) se encuentra junto al veh√≠culo, a√±adiendo un elemento cultural a la escena urbana. El fondo muestra tiendas con escaparates iluminados","2025-11-25T07:56:33.310371","Emma"
"wikimedia_Guadalajara_Jalisco_10_1764045700.jpg","Guadalajara","Jalisco",20.659699,-103.349609,"‚úÖ",4,95,True,True,True,True,True,False,False,False,True,"templo morm√≥n,Iglesia de Jesucristo de los Santos de los √öltimos D√≠as,arquitectura moderna,edificio blanco,estatua dorada,√°ngel Moroni,palmeras,cielo nublado,tormenta,farola,reja blanca,paisajismo","Templo blanco de arquitectura moderna con una estatua dorada en su torre central (√Ångel Moroni), caracter√≠stico de La Iglesia de Jesucristo de los Santos de los √öltimos D√≠as. La escena est√° bajo un cielo oscuro y nublado, con palmeras en primer plano, indicando una ubicaci√≥n en un clima c√°lido o subtropical.","2025-11-25T07:58:13.204209","Emma"
"pexels_Guadalajara_Jalisco_0_1764045710.jpg","Guadalajara","Jalisco",20.659699,-103.349609,"ü§î",4,95,True,True,False,True,False,False,True,False,False,"Catrina,D√≠a de Muertos,cultura mexicana,calavera,retrato,disfraz,maquillaje art√≠stico,arquitectura g√≥tica,neog√≥tico,fachada de iglesia,catedral,arco apuntado,nichos con estatuas,escultura religiosa,velo,flores","Retrato en plano medio de una mujer caracterizada de Catrina (maquillaje de calavera, tocado floral y vestido formal) posando frente a la entrada g√≥tica de una gran iglesia o catedral. El fondo arquitect√≥nico, lleno de estatuas en nichos y detalles ojivales, proporciona un fuerte contexto monumental.","2025-11-25T07:58:54.401672","Emma"
"wikimedia_Monterrey_Nuevo Le√≥n_0_1764045715.jpg","Monterrey","Nuevo Le√≥n",25.686613,-100.316116,"‚úÖ",5,100,False,True,True,True,True,False,True,True,True,"aeropuerto,terminal a√©rea,arquitectura moderna,letrero luminoso,noche,palmeras,alumbrado p√∫blico,estacionamiento,zona de llegada,OMA,Nuevo Le√≥n,se√±alizaci√≥n de discapacidad,M√©xico","Vista nocturna del exterior de la terminal del Aeropuerto Internacional de Monterrey. El edificio de arquitectura moderna y angular est√° iluminado, con el nombre del aeropuerto visible en la fachada. La escena incluye palmeras y se√±ales de tr√°fico en primer plano.","2025-11-25T07:59:40.078705","Emma"
"wikimedia_Monterrey_Nuevo Le√≥n_8_1764045832.jpg","Monterrey","Nuevo Le√≥n",25.686613,-100.316116,"ü§î",4,90,True,True,False,True,True,False,True,False,False,"evento masivo,concierto,manifestaci√≥n,orgullo LGBT,bandera arco√≠ris,noche,plaza p√∫blica,escenario,arquitectura colonial,torre de iglesia,cruz iluminada,multitud,gente,pavimento de adoqu√≠n,festival","Vista nocturna de una plaza p√∫blica repleta de gente, posiblemente durante un evento cultural o de celebraci√≥n (dado el uso de la bandera arco√≠ris). Un escenario temporal est√° montado al centro, y al fondo se distingue la torre de una iglesia con una cruz iluminada, sobre un pavimento de adoqu√≠n","2025-11-25T08:00:23.128095","Emma"
"wikimedia_Monterrey_Nuevo Le√≥n_12_1764045837.jpg","Monterrey","Nuevo Le√≥n",25.686613,-100.316116,"ü§î",2,95,False,True,False,False,False,False,False,False,False,"grabado en vidrio,√°ngel,figura religiosa,arte decorativo,puerta de madera,arquitectura interior,dise√±o de interiores,arcos,columna,espejo/reflejo,trompeta","Primer plano de un panel de vidrio o ventana con la figura de un √°ngel tocando una trompeta grabado en √°cido (esmerilado). El vidrio est√° enmarcado por un arco de madera. El fondo borroso, visible a trav√©s del vidrio, muestra un patio interior con arquitectura de arcos y columnas.","2025-11-25T08:00:56.801271","Emma"
"pexels_Monterrey_Nuevo Le√≥n_2_1764045843.jpg","Monterrey","Nuevo Le√≥n",25.686613,-100.316116,"ü§î",2,90,False,True,False,True,True,False,True,False,False,"retrato urbano,blanco y negro,hombre joven,muro de ladrillo,arquitectura de ladrillo,fachada de edificio,ventanas altas,puertas de madera,sentado,postura,moda casual,√°ngulo bajo","Retrato en blanco y negro de un joven sentado sobre un muro bajo de ladrillos. El fondo es la fachada del mismo edificio de ladrillo, con una gran ventana y una puerta cerrada. El √°ngulo de la toma es bajo, acentuando el muro.","2025-11-25T08:02:48.690362","Emma"
"wikimedia_Puebla_Puebla_1_1764045848.jpg","Puebla","Puebla",19.041296,-98.2062,"‚úÖ",5,100,True,True,False,True,True,False,True,False,False,"Catedral de Puebla,noche,iluminaci√≥n arquitect√≥nica,plaza z√≥calo,torre de campanario,arquitectura barroca,cantera gris,fachadas,cielo nocturno,exposici√≥n larga,farolas,centro hist√≥rico","Vista frontal de la Catedral de Puebla por la noche, destacando la diferencia de altura de sus dos torres y la fachada de cantera iluminada. La plaza, libre de tr√°fico, muestra un pavimento amplio y est√° bordeada por edificios coloniales tambi√©n iluminados.","2025-11-25T08:03:38.879533","Emma"
"wikimedia_Puebla_Puebla_5_1764045855.jpg","Puebla","Puebla",19.041296,-98.2062,"‚úÖ",5,100,False,True,True,True,True,False,True,True,True,"aeropuerto,terminal a√©rea,arquitectura moderna,fachada de vidrio,letrero,d√≠a soleado,paisajismo,arbustos podados,palmera,carretera,veh√≠culos,estacionamiento,se√±alizaci√≥n de tr√°fico","Vista exterior del Aeropuerto Internacional de Puebla en un d√≠a soleado. El edificio tiene una fachada moderna con una gran pared de vidrio y una pared de textura gris. El letrero del aeropuerto es prominente, y la zona de acceso est√° bordeada por arbustos podados y una palmera.","2025-11-25T08:04:18.158306","Emma"
"wikimedia_Puebla_Puebla_9_1764045861.jpg","Puebla","Puebla",19.041296,-98.2062,"ü§î",4,90,True,True,False,False,True,False,False,False,False,"silueta,arquitectura colonial,farola antigua,alumbrado p√∫blico,atardecer,amanecer,crep√∫sculo,cielo pastel,edificios de esquina,tejados ornamentados,balc√≥n,ciudad","Vista urbana de siluetas de edificios coloniales contra un cielo suave al atardecer o amanecer. El primer plano est√° dominado por una farola de estilo antiguo, que est√° encendida y brilla con un tono amarillo c√°lido, contrastando con las formas oscuras de la arquitectura.","2025-11-25T08:36:01.531395","Emma"
"wikimedia_Puebla_Puebla_12_1764045866.jpg","Puebla","Puebla",19.041296,-98.2062,"ü§î",4,90,True,True,False,True,False,False,False,False,False,"camino prehisp√°nico,muro de piedra,piedra volc√°nica,camino empedrado,vegetaci√≥n semides√©rtica,palmas yucas,√°rboles,paisaje arqueol√≥gico,cielo azul,nubes c√∫mulos,perspectiva de camino.","Un camino de piedra y tierra con muros bajos de piedra a ambos lados, que se dirige hacia la cima de una colina. La vegetaci√≥n es seca y hay √°rboles de apariencia des√©rtica (palmas yucas). El cielo es de un azul intenso con grandes nubes blancas","2025-11-25T08:36:37.652139","Emma"
"wikimedia_Tijuana_Baja California_0_1764045875.jpg","Tijuana","Baja California",32.514946,-117.038246,"‚úÖ",5,95,True,True,True,True,True,False,False,True,True,"frontera M√©xico-EE. UU.,muro fronterizo,barrera de acero,paisaje urbano,vista panor√°mica,Tijuana,densidad habitacional,casas peque√±as,carretera,tr√°fico vehicular,vallas publicitarias,divisi√≥n geogr√°fica,zona de construcci√≥n,urbanizaci√≥n","Vista panor√°mica desde una colina de la frontera entre M√©xico y EE. UU. (probablemente Tijuana), mostrando el muro de acero que divide una zona de campos y construcci√≥n a la izquierda de una densa √°rea urbana a la derecha. Una carretera con tr√°fico intenso corre paralela al muro.","2025-11-25T08:37:25.708671","Emma"
"wikimedia_Tijuana_Baja California_2_1764045879.jpg","Tijuana","Baja California",32.514946,-117.038246,"‚úÖ",4,95,False,False,False,True,False,False,False,False,False,"paisaje des√©rtico,monta√±a,colinas rocosas,ca√±√≥n,valle,amanecer,atardecer,cielo pastel,colores de crep√∫sculo,rocas grandes,bioma √°rido,vista panor√°mica,perspectiva inclinada","Vista panor√°mica de un paisaje des√©rtico monta√±oso al atardecer o amanecer. La toma se realiza desde una colina alta, mostrando varias capas de monta√±as que se desvanecen en la distancia. El cielo tiene tonos p√∫rpuras, rosas y azules, y el primer plano est√° dominado por grandes rocas.","2025-11-25T08:38:05.010022","Emma"
"wikimedia_Tijuana_Baja California_4_1764045882.jpg","Tijuana","Baja California",32.514946,-117.038246,"ü§î",3,95,False,True,True,False,True,False,True,True,True,"fachada comercial,calle urbana,taxis,transporte p√∫blico,farmacia,lavander√≠a,letreros de negocios,anuncios de tiendas,veh√≠culos estacionados,camionetas pickup,luz del d√≠a,soleado,postes de luz","Vista frontal de una calle comercial con varios negocios de bajo costo en un edificio de fachada blanca. Dos taxis blancos y rojos est√°n en primer plano. La escena incluye una variedad de veh√≠culos estacionados y numerosos letreros de negocios en las ventanas y fachadas.","2025-11-25T08:38:52.602997","Emma"
"wikimedia_Tijuana_Baja California_6_1764045884.jpg","Tijuana","Baja California",32.514946,-117.038246,"ü§î",5,95,True,True,False,True,True,False,False,False,False,"templo morm√≥n,arquitectura religiosa,estatua dorada,√°ngel Moroni,templo blanco,fuente ornamental,palmeras,paisajismo,azulejos de terracota,cielo azul,soleado,nubes,arquitectura neocl√°sica","Vista frontal de un templo de La Iglesia de Jesucristo de los Santos de los √öltimos D√≠as, de color blanco y estilo cl√°sico, con una alta torre y estatua dorada. El primer plano est√° dominado por una fuente de piedra colonial y palmeras, lo que sugiere un clima tropical o subtropical.","2025-11-25T08:39:41.488458","Emma"
"wikimedia_Tijuana_Baja California_8_1764045887.jpg","Tijuana","Baja California",32.514946,-117.038246,"ü§î",4,95,False,False,False,True,True,False,False,True,False,"crep√∫sculo,noche,paisaje urbano,ciudad en ladera,casas en colina,densidad habitacional,pobreza urbana,contaminaci√≥n lum√≠nica,cerro,antenas de comunicaci√≥n,palmera,cielo anaranjado,atm√≥sfera","Vista urbana tomada desde un tejado al atardecer o amanecer, mostrando el contraste entre las casas oscuras del primer plano y la vasta extensi√≥n de luces de casas que cubren la ladera de un gran cerro. El cielo est√° te√±ido de naranja y p√∫rpura. Una palmera solitaria destaca contra el cielo.","2025-11-25T08:40:49.482364","Emma"
"wikimedia_Tijuana_Baja California_10_1764045889.jpg","Tijuana","Baja California",32.514946,-117.038246,"‚úÖ",5,95,True,True,False,True,True,False,True,False,False,"templo morm√≥n,arquitectura neocl√°sica,edificio blanco,estatua dorada,√°ngel Moroni,palmeras,fuente decorativa,paisajismo exuberante,cielo azul despejado,soleado,fachada religiosa,simetr√≠a","Vista frontal y sim√©trica de un templo religioso (probablemente SUD) de color blanco y estilo cl√°sico, con una alta torre y estatua dorada. El templo est√° enmarcado por altas palmeras. El primer plano tiene una fuente y jardines con flores, bajo un cielo intensamente azul.","2025-11-25T08:41:45.330361","Emma"
"wikimedia_Tijuana_Baja California_12_1764045892.jpg","Tijuana","Baja California",32.514946,-117.038246,"‚úÖ",5,95,True,True,False,True,True,False,False,False,False,"templo morm√≥n,arquitectura neocl√°sica,edificio blanco,estatua dorada,√°ngel Moroni,palmeras,torre de templo,campanario,barandales,reja de hierro,cielo azul despejado,soleado,M√©xico/EE. UU","Vista frontal de un templo religioso (SUD) de color blanco, de estilo cl√°sico con una torre central de varios niveles y rematada con una estatua dorada. El templo est√° flanqueado por palmeras y rodeado por una reja de hierro negra, bajo un cielo intensamente azul y despejado.","2025-11-25T08:42:31.201884","Emma"
"wikimedia_Le√≥n_Guanajuato_1_1764045899.jpg","Le√≥n","Guanajuato",21.12252,-101.684784,"ü§î",4,95,True,True,True,True,True,False,False,False,True,"hotel,arquitectura colonial,arquitectura ecl√©ctica,fachada de dos pisos,balc√≥n,herrer√≠a,ventanas de madera,√°rboles podados,pavimento,farola antigua,centro hist√≥rico,colores pastel,perspectiva de √°ngulo bajo.","Toma frontal y de √°ngulo bajo de un hotel hist√≥rico de dos pisos, con una fachada de colores pastel y detalles ornamentales. Dos √°rboles bajos y bien podados enmarcan la entrada central. La escena se desarrolla en un centro hist√≥rico con pavimento de losas y una farola de estilo antiguo a la derecha.","2025-11-25T08:43:31.173659","Emma"
"wikimedia_Le√≥n_Guanajuato_3_1764045902.jpg","Le√≥n","Guanajuato",21.12252,-101.684784,"ü§î",4,95,True,True,False,False,True,False,False,False,False,"puerta de madera,arquitectura colonial,centro hist√≥rico,herrer√≠a,reja de hierro,dintel ornamental,moldura de piedra,fachada de estuco,pavimento de ladrillo,color pastel,textura de pared,entrada","Primer plano de una puerta de madera antigua, protegida por una reja de hierro vertical. La puerta est√° coronada por un dintel ornamental de piedra tallada. La fachada es de color crema o pastel, con una franja de piedra o cantera rosa en la parte inferior, y el pavimento es de ladrillos o losas","2025-11-25T08:44:16.009879","Emma"
"wikimedia_Le√≥n_Guanajuato_5_1764045905.jpg","Le√≥n","Guanajuato",21.12252,-101.684784,"‚úÖ",5,95,True,True,True,True,True,False,True,True,True,"arquitectura colonial,portales,arcos,balcones de herrer√≠a,plaza peatonal,centro hist√≥rico,fachada de cantera,color amarillo,mobiliario urbano,ciclopuerto,personas caminando,kiosco de informaci√≥n,vegetaci√≥n podada","Vista de un centro hist√≥rico con edificios coloniales de dos pisos y una fachada de cantera. El primer piso presenta una serie de portales y arcos, y el piso superior tiene balcones de herrer√≠a. La plaza es peatonal y tiene un ciclopuerto de dise√±o moderno y un kiosco de informaci√≥n vertical.","2025-11-25T08:44:57.686555","Emma"
"wikimedia_Le√≥n_Guanajuato_7_1764045909.jpg","Le√≥n","Guanajuato",21.12252,-101.684784,"‚úÖ",4,80,True,True,True,False,True,False,False,False,True,"fachada colonial,pared amarilla,color vibrante,arquitectura de centro hist√≥rico,puerta de madera,ventana con herrer√≠a,marco de cantera,azulejo Talavera,placa conmemorativa,techo de ladrillo,pavimento de ladrillo,publicidad en la puerta,QR code","Vista frontal y sim√©trica de la fachada de un edificio colonial pintado de amarillo intenso, con una puerta y una ventana enmarcadas por cantera. Una placa de azulejo con un dise√±o tradicional est√° montada al centro de la fachada. La esquina superior derecha muestra una estructura de ladrillo de un edificio adyacente.","2025-11-25T08:45:36.413909","Emma"
"wikimedia_Le√≥n_Guanajuato_9_1764045912.jpg","Le√≥n","Guanajuato",21.12252,-101.684784,"ü§î",5,95,True,True,False,False,False,False,False,False,True,"arquitectura barroca,estilo churrigueresco,cantera rosa,portada monumental,dintel tallado,ornamento,relieve,columnas salom√≥nicas,fachada religiosa,detalle de puerta,arco de medio punto,herrer√≠a,blas√≥n,texto tallado","Primer plano del detalle de la portada de un edificio monumental, probablemente una catedral. La decoraci√≥n es extremadamente rica y detallada, de estilo barroco, con columnas peque√±as, cornisas y un escudo o blas√≥n. La piedra es de tono rosa o salm√≥n claro.","2025-11-25T08:46:21.913249","Emma"
"wikimedia_Le√≥n_Guanajuato_11_1764045915.jpg","Le√≥n","Guanajuato",21.12252,-101.684784,"‚úÖ",5,95,False,False,False,True,False,False,True,False,False,"globos aerost√°ticos,festival internacional del globo,evento masivo,cielo azul despejado,colores brillantes,globos de dise√±o,personaje animado (emoji),multitud,gente,inflado de globos,paisaje abierto,colinas bajas","Vista de un festival de globos aerost√°ticos en un d√≠a soleado. M√∫ltiples globos de diversos colores y dise√±os est√°n ascendiendo en el cielo azul, mientras que una gran cantidad de globos desinflados o semi-inflados se extienden en el campo, rodeados por una multitud de personas.","2025-11-25T08:48:34.598118","Emma"
"wikimedia_Ciudad Ju√°rez_Chihuahua_0_1764045927.jpg","Ciudad Ju√°rez","Chihuahua",31.690363,-106.424547,"‚úÖ",4,95,False,True,True,True,True,False,False,False,False,"alameda,paseo peatonal,parque urbano,noche,crep√∫sculo,√°rboles caducifolios,sin hojas,farolas encendidas,iluminaci√≥n c√°lida,perspectiva sim√©trica,bancos,mobiliario urbano,pavimento de ladrillo,atm√≥sfera invernal","Vista sim√©trica y nocturna de un paseo peatonal o alameda, flanqueada por hileras de √°rboles desnudos. La escena est√° dominada por una serie de farolas que emiten una luz amarilla/naranja intensa, proyectando largas sombras sobre el pavimento de ladrillo.","2025-11-25T08:51:29.327760","Emma"
"wikimedia_Ciudad Ju√°rez_Chihuahua_2_1764045930.jpg","Ciudad Ju√°rez","Chihuahua",31.690363,-106.424547,"ü§î",3,95,False,True,True,True,True,False,False,True,False,"urbanizaci√≥n informal,casas en ladera,colina √°rida,casas de ladrillo,arquitectura popular,densidad habitacional,asentamiento irregular,pobreza urbana,vegetaci√≥n escasa,norte de M√©xico,veh√≠culos,postes de luz,teleobjetivo","Vista panor√°mica de una zona urbana densamente poblada, extendi√©ndose sobre colinas √°ridas. Las casas son de construcci√≥n variada, con ladrillos expuestos y pintura brillante ocasional (como la casa verde fluorescente). El entorno sugiere un clima seco y un crecimiento urbano r√°pido o informal.","2025-11-25T08:52:11.617247","Emma"
"wikimedia_Ciudad Ju√°rez_Chihuahua_4_1764045932.jpg","Ciudad Ju√°rez","Chihuahua",31.690363,-106.424547,"‚úÖ",5,100,True,True,True,True,True,False,True,True,True,"cruce fronterizo,aduana,puente internacional,cabinas de peaje,frontera,tr√°fico vehicular,veh√≠culos,skyline,horizonte urbano,rascacielos,monta√±a √°rida,Ciudad Ju√°rez,Chihuahua,infraestructura de transporte,carriles de espera","Vista de un cruce fronterizo altamente transitado en Ciudad Ju√°rez. Se observa la infraestructura del puente con m√∫ltiples cabinas de inspecci√≥n y una densa fila de veh√≠culos. El horizonte de la ciudad y una monta√±a √°rida en el fondo enmarcan la escena.","2025-11-25T08:53:39.304572","Emma"
"wikimedia_Ciudad Ju√°rez_Chihuahua_6_1764045935.jpg","Ciudad Ju√°rez","Chihuahua",31.690363,-106.424547,"ü§î",2,95,False,True,False,True,True,False,True,False,False,"calle de tierra,camino rural,casas modestas,pueblo,vegetaci√≥n √°rida,√°rboles secos,monta√±as lejanas,cielo azul con nubes,postes de electricidad,cables el√©ctricos,personas caminando,vida rural,comunidad","Vista de una calle de tierra sin pavimentar en un asentamiento rural o semiurbano. Hay varias casas de construcci√≥n sencilla a los lados de la calle, junto con √°rboles y vegetaci√≥n seca. Un grupo de personas camina por el camino, y monta√±as distantes se elevan bajo un cielo azul con nubes blancas.","2025-11-25T08:55:33.612178","Emma"
"wikimedia_Ciudad Ju√°rez_Chihuahua_8_1764045937.jpg","Ciudad Ju√°rez","Chihuahua",31.690363,-106.424547,"‚úÖ",4,95,False,True,True,True,True,False,False,False,True,"paisaje urbano,vista panor√°mica,ciudad,monta√±as √°ridas,teleobjetivo,rascacielos,edificios de oficinas,densidad urbana,torre de agua,torre de radio,urbanizaci√≥n,norte de M√©xico","Vista panor√°mica de una extensa ciudad del norte de M√©xico, comprimida por un teleobjetivo. El horizonte urbano combina edificios de oficinas modernos con zonas residenciales. La ciudad est√° enclavada en un valle rodeado de grandes monta√±as √°ridas. Una torre de agua y una antena destacan en el fondo.","2025-11-25T08:56:26.361949","Emma"
"wikimedia_Zapopan_Jalisco_1_1764045948.jpg","Zapopan","Jalisco",20.72356,-103.38479,"‚úÖ",4,95,False,True,True,True,True,False,False,True,False,"vista a√©rea,complejo deportivo,canchas de tenis,estadio,infraestructura,zona residencial,casas en hilera,techos rojos,urbanizaci√≥n,construcci√≥n,terreno √°rido,arquitectura deportiva,tribunas,iluminaci√≥n exterior","Vista a√©rea de un gran complejo de canchas de tenis y un peque√±o estadio adyacente. La zona est√° rodeada por un denso desarrollo residencial de casas con techos rojos, mostrando una clara expansi√≥n urbana en un entorno semi√°rido. La infraestructura deportiva parece ser nueva o estar en proceso de finalizaci√≥n.","2025-11-25T08:57:17.654921","Emma"
"wikimedia_Zapopan_Jalisco_3_1764045951.jpg","Zapopan","Jalisco",20.72356,-103.38479,"‚úÖ",4,95,True,True,True,True,True,False,False,False,False,"estatua de piedra,escultura,arte p√∫blico,monumento,figuras humanas,sem√°foro,arquitectura moderna,vidrio,acero,vegetaci√≥n,flores rojas,cielo azul,contraste urbano","Primer plano de una escultura de piedra rugosa que representa a dos figuras humanas abraz√°ndose o carg√°ndose, con un estilo r√∫stico. El fondo contrasta el arte tradicional con un moderno edificio de vidrio y un sem√°foro urbano, todo bajo un cielo azul brillante.","2025-11-25T08:57:55.268898","Emma"
"wikimedia_Zapopan_Jalisco_5_1764045953.jpg","Zapopan","Jalisco",20.72356,-103.38479,"‚úÖ",3,95,True,False,False,True,False,False,False,False,False,"escultura de piedra,estatua,arte p√∫blico,jard√≠n,paisajismo,vegetaci√≥n exuberante,√°rbol de flor de mayo (plumeria),c√©sped,sombra,clima c√°lido","Primer plano de una escultura de piedra con textura rugosa, colocada en un jard√≠n verde. El entorno est√° dominado por vegetaci√≥n de clima c√°lido, incluyendo un √°rbol de flor de mayo (plumeria) y arbustos bien cuidados. La escena est√° bien iluminada con luz solar, creando fuertes sombras.","2025-11-25T08:58:38.596646","Emma"
"wikimedia_Zapopan_Jalisco_7_1764045956.jpg","Zapopan","Jalisco",20.72356,-103.38479,"‚úÖ",5,95,True,True,True,False,True,False,True,False,False,"bas√≠lica,iglesia,arquitectura churrigueresca,barroco,torres gemelas,fachada de cantera,atrio,plaza p√∫blica,arcos laterales,portales,peregrinos,monumento religioso,cielo azul con nubes","Vista lateral de una gran bas√≠lica colonial con una fachada central altamente detallada y dos torres campanario. La estructura est√° flanqueada por largos pasillos o portales con arcos. La escena se desarrolla en una plaza de piedra y hay personas entrando al templo.","2025-11-25T08:59:14.371823","Emma"
"wikimedia_Zapopan_Jalisco_9_1764045959.jpg","Zapopan","Jalisco",20.72356,-103.38479,"ü§î",4,95,True,True,False,True,True,False,True,False,False,"parque p√∫blico,jard√≠n,esculturas de bronce,arte p√∫blico,kiosco,cenador,mobiliario urbano,banca de parque,setos,vegetaci√≥n exuberante,clima soleado,c√∫pula de iglesia lejana,perspectiva","Vista de un jard√≠n p√∫blico con tres esculturas de bronce de figuras humanas. El √°rea est√° bordeada por setos podados. Al fondo a la izquierda, se ve un kiosco de techo oscuro, y a la derecha, la c√∫pula de un edificio hist√≥rico, indicando una plaza central.","2025-11-25T09:00:03.828279","Emma"
"wikimedia_Zapopan_Jalisco_11_1764045962.jpg","Zapopan","Jalisco",20.72356,-103.38479,"‚úÖ",4,80,True,True,True,True,True,False,False,False,True,"arquitectura colonial,fachada de estuco,cantera,balustrada,terraza,estatua religiosa,virgen,atrio,pavimento de losas,macetas de terracota,ventanas enrejadas,letrero parroquial,d√≠a soleado","Vista frontal de un edificio colonial de dos pisos con una fachada de estuco color crema y marcos de cantera gris. Una estatua religiosa (Virgen o Santa) se encuentra en primer plano, detr√°s de una reja baja. El letrero sobre la puerta indica que son 'Salones Parroquiales'. La parte superior del edificio tiene una balustrada.","2025-11-25T09:01:02.567071","Emma"
"wikimedia_M√©rida_Yucat√°n_0_1764045970.jpg","M√©rida","Yucat√°n",20.96737,-89.592586,"‚úÖ",5,95,True,True,True,False,True,False,True,True,True,"arquitectura colonial,fachada amarilla,esquina,balcones de herrer√≠a,restaurante de comida r√°pida,Burger King,sem√°foro,calle urbana,comercio,peatones,soleado,clima c√°lido,Yucat√°n","Vista de una esquina en un centro hist√≥rico. El edificio de arquitectura colonial de dos pisos est√° pintado de color ocre o amarillo mostaza y alberga un local de Burger King en la planta baja. La escena incluye balcones de hierro forjado, un veh√≠culo, peatones y un sem√°foro en la esquina.","2025-11-25T09:01:47.525248","Emma"
"wikimedia_M√©rida_Yucat√°n_2_1764045975.jpg","M√©rida","Yucat√°n",20.96737,-89.592586,"‚úÖ",5,95,True,True,False,False,False,False,True,False,False,"arquitectura religiosa,interior de catedral,nave central,columnas de piedra,cantera,arcos de medio punto,b√≥vedas de crucer√≠a,plateresco,renacimiento,bancos de madera,ventiladores,iluminaci√≥n interior","Vista interior de la nave lateral de una gran catedral con masivas columnas cil√≠ndricas de piedra y arcos de medio punto. Las b√≥vedas de crucer√≠a tienen un patr√≥n de casetones. El suelo de la nave est√° cubierto por bancos de madera. El estilo es robusto, renacentista o plateresco.","2025-11-25T09:02:28.078638","Emma"
"wikimedia_M√©rida_Yucat√°n_8_1764045983.jpg","M√©rida","Yucat√°n",20.96737,-89.592586,"‚úÖ",5,95,True,True,True,True,True,False,True,True,False,"arquitectura neocl√°sica,fachada hist√≥rica,noche,iluminaci√≥n azul,luz artificial,contraste,arcos de medio punto,balcones,comercio,calle empedrada,adoqu√≠n,cono de tr√°fico,bicicleta,Yucat√°n","Vista en perspectiva de la larga fachada de un edificio hist√≥rico, iluminado de noche. La iluminaci√≥n artificial en tonos blancos y azules resalta los detalles neocl√°sicos, incluyendo una hilera de ventanas con arcos de medio punto. La calle est√° pavimentada con grandes bloques de piedra y hay un cono de tr√°fico y una bicicleta en primer plano.","2025-11-25T09:05:19.982808","Emma"
"wikimedia_M√©rida_Yucat√°n_10_1764045986.jpg","M√©rida","Yucat√°n",20.96737,-89.592586,"‚úÖ",4,95,False,True,True,False,True,False,False,True,True,"arquitectura yucateca,fachada blanca,marco azul,esquina de calle,casas coloniales,arte callejero,poste de luz,cables el√©ctricos,se√±al de calle,d√≠a soleado,clima c√°lido,zona urbana,Yucat√°n","Vista de una esquina en una ciudad de Yucat√°n. El edificio central es blanco con un marco ornamental azul intenso alrededor de una puerta pintada con arte callejero. Hay postes de electricidad y cables cruzando la escena, y una se√±al de calle antigua indica los nombres de las calles.","2025-11-25T09:06:18.236084","Emma"
"wikimedia_M√©rida_Yucat√°n_12_1764045988.jpg","M√©rida","Yucat√°n",20.96737,-89.592586,"‚úÖ",4,95,False,True,True,False,True,False,True,False,True,"centro comercial,mall,interior moderno,arquitectura comercial,m√∫ltiples niveles,barandal de vidrio,escalera el√©ctrica,√°rea de mesas,food court,tiendas minoristas,iluminaci√≥n LED,pisos de loseta","Vista interior de un moderno centro comercial de varios pisos. El dise√±o es circular con un techo central amarillo. El √°rea inferior tiene un conjunto de mesas y sillas de cafeter√≠a. M√∫ltiples tiendas de ropa y servicios son visibles en los diferentes niveles.","2025-11-25T09:06:58.092935","Emma"
"wikimedia_La Paz_Baja California Sur_7_1764046571.jpg","La Paz","Baja California Sur",24.142642,-110.312753,"‚úÖ",4,95,False,True,True,True,True,False,False,True,True,"vista panor√°mica,ciudad costera,puerto,mar,horizonte de barcos,urbanizaci√≥n,gasolinera OXXO,estacionamiento,arquitectura de baja altura,clima soleado,palmeras (visibles a lo lejos),calle urbana","Vista elevada de una ciudad costera bajo un cielo despejado. La escena est√° dominada por edificios de baja altura y amplios estacionamientos. En el primer plano se distingue la gasolinera OXXO y m√°s all√°, el mar y una bah√≠a con m√∫ltiples embarcaciones ancladas.","2025-11-25T09:13:19.688604","Emma"
"wikimedia_Campeche_Campeche_2_1764046515.jpg","Campeche","Campeche",19.845944,-90.523071,"‚úÖ",4,95,False,True,True,True,True,False,False,True,True,"puesto de control policial,ret√©n,camioneta policial,seguridad p√∫blica,carretera rural,vegetaci√≥n densa,clima tropical,carpa,letrero de precauci√≥n,Secretar√≠a de Seguridad P√∫blica,conos de tr√°fico,paisaje selv√°tico","Ret√©n o puesto de control policial en una carretera rural flanqueada por vegetaci√≥n densa y de clima c√°lido. El puesto incluye un m√≥dulo negro con letreros de precauci√≥n y una camioneta pickup rotulada como 'POLIC√çA ESTATAL PREVENTIVA' estacionada junto a una gran carpa.","2025-11-25T09:14:04.023371","Emma"
"wikimedia_Ciudad Ju√°rez_Chihuahua_1_1764045928.jpg","Ciudad Ju√°rez","Chihuahua",31.690363,-106.424547,"‚úÖ",4,95,False,True,True,True,True,False,False,True,True,"calle urbana,esquina comercial,arquitectura de baja altura,colores vibrantes,dentista,√≥ptica,carrito de comida,persona caminando,farola,cielo azul despejado,clima soleado,zona fronteriza","Vista de una esquina comercial en una ciudad del norte de M√©xico. El edificio principal est√° pintado con colores brillantes (naranja y azul) y alberga negocios de √≥ptica y odontolog√≠a. Un hombre camina por la calle, y un carrito de venta ambulante con una sombrilla est√° en la esquina. La escena se desarrolla bajo un cielo intensamente azul.","2025-11-25T09:14:53.842888","Emma"
"wikimedia_Saltillo_Coahuila_0_1764046203.jpg","Saltillo","Coahuila",25.42654,-100.99551,"‚úÖ",5,95,True,True,True,False,True,False,True,True,True,"arquitectura neocl√°sica,fachada roja,iglesia,templo,centro hist√≥rico,calle urbana,tr√°fico vehicular,taxi amarillo,peatones,acera,farola antigua,edificio gubernamental,c√∫pula","Vista en perspectiva de una calle en un centro hist√≥rico. La fachada izquierda est√° dominada por una iglesia de color rojo intenso con detalles blancos neocl√°sicos. La calle muestra tr√°fico vehicular, incluyendo un taxi amarillo. Al fondo, se ve un gran edificio de piedra con una c√∫pula.","2025-11-25T09:15:32.039704","Emma"
"wikimedia_Tijuana_Baja California_3_1764045880.jpg","Tijuana","Baja California",32.514946,-117.038246,"‚úÖ",5,100,True,True,False,True,False,True,False,False,False,"muro fronterizo,frontera M√©xico-EE. UU.,playa,oc√©ano pac√≠fico,oleaje,arena mojada,marea,barrera de acero,monolito,infraestructura,cielo nublado,Tijuana","Vista del muro fronterizo que se extiende hacia el Oc√©ano Pac√≠fico. La escena est√° tomada desde el lado de la playa, mostrando la base del muro corro√≠da por las olas y el reflejo de las barras de acero en la arena mojada. El cielo est√° gris y nublado.","2025-11-25T09:20:42.262859","Emma"
"wikimedia_La Paz_Baja California Sur_8_1764046573.jpg","La Paz","Baja California Sur",24.142642,-110.312753,"‚úÖ",4,95,False,True,False,True,True,True,True,True,True,"malec√≥n,atardecer,crep√∫sculo,ciudad costera,puerto,bah√≠a,embarcaciones,bote,yate,palmeras,arquitectura de baja altura,horizonte marino,luz dorada,turismo","Vista del malec√≥n de una ciudad costera al atardecer. El mar est√° en primer plano con dos botes anclados, incluyendo un gran yate a la derecha. La costa tiene una hilera de edificios de baja altura iluminados con luz c√°lida, y varias palmeras se recortan contra el cielo de tonos pastel.","2025-11-25T09:21:27.887078","Emma"
"wikimedia_Campeche_Campeche_3_1764046516.jpg","Campeche","Campeche",19.845944,-90.523071,"‚úÖ",4,95,True,True,True,False,True,False,False,True,True,"","arquitectura colonial, fachada de color, casa rosa, calle urbana, pavimento de adoqu√≠n, perspectiva de calle, soleado, veh√≠culos estacionados, farola antigua, centro hist√≥rico, Campeche","2025-11-25T09:22:08.271043","Emma"
"wikimedia_Ciudad Ju√°rez_Chihuahua_3_1764045931.jpg","Ciudad Ju√°rez","Chihuahua",31.690363,-106.424547,"ü§î",4,95,True,True,False,True,False,False,False,False,False,"templo morm√≥n,arquitectura moderna,edificio blanco,estatua dorada,√°ngel Moroni,torre central,escalinata,simetr√≠a,clima fr√≠o/seco,√°rboles desnudos,cielo azul despejado,soleado,M√©xico/EE. UU","Vista frontal y sim√©trica de un templo religioso (SUD) de color blanco y dise√±o escalonado. El edificio tiene una torre central con una estatua dorada. Se accede por una amplia escalinata. Los √°rboles laterales est√°n sin follaje, sugiriendo una estaci√≥n de invierno o principios de primavera.","2025-11-25T09:23:02.026074","Emma"
"wikimedia_Saltillo_Coahuila_1_1764046204.jpg","Saltillo","Coahuila",25.42654,-100.99551,"‚úÖ",5,100,True,True,True,False,True,False,False,False,True,"","Primer plano y √°ngulo ascendente de la fachada superior del Casino de Saltillo. El edificio es de estilo neocl√°sico/ecl√©ctico con una serie de ventanas arqueadas y columnas. Una inscripci√≥n grande en la parte superior indica '1874 CASINO DE SALTILLO 1928'. La toma est√° parcialmente obstruida por cables el√©ctricos.","2025-11-25T09:23:43.751645","Emma"
"wikimedia_Colima_Colima_0_1764046702.jpg","Colima","Colima",19.243333,-103.724167,"ü§î",4,95,True,True,True,False,True,False,False,False,True,"","Vista frontal de un edificio hist√≥rico de dos pisos, con una fila de arcos en la planta baja y balcones en el piso superior rematado por una balustrada. La inscripci√≥n parcial en la parte superior indica que es un 'MUSEO REGIONAL'. Hay una se√±al de tr√°fico 'ALTO' en el portal.","2025-11-25T09:24:26.435450","Emma"
"wikimedia_Toluca_Estado de M√©xico_0_1764046065.jpg","Toluca","Estado de M√©xico",19.282609,-99.655666,"ü§î",5,95,True,True,False,True,True,False,True,False,False,"arte callejero,instalaci√≥n urbana,paraguas de colores,arco√≠ris,arquitectura colonial,arcos,callej√≥n,decoraci√≥n,festival,cielo azul,perspectiva,calle peatonal,saturaci√≥n de color","Vista en perspectiva de una calle colonial con una instalaci√≥n art√≠stica de cientos de paraguas abiertos y multicolores (colores del arco√≠ris) suspendidos sobre la calle. Los edificios laterales de estilo tradicional con arcos y balcones enmarcan la colorida instalaci√≥n.","2025-11-25T09:25:20.932940","Emma"
"wikimedia_Le√≥n_Guanajuato_0_1764045897.jpg","Le√≥n","Guanajuato",21.12252,-101.684784,"‚úÖ",4,95,True,True,True,True,True,False,False,False,False,"arquitectura colonial,fachada amarilla,balc√≥n de cantera,herrer√≠a,balc√≥n ornamental,columnas talladas,ventanas de madera,farola antigua,vegetaci√≥n,√°rboles,centro hist√≥rico","Vista en √°ngulo de la fachada superior de un edificio colonial pintado de amarillo ocre. Un balc√≥n central con columnas delgadas de cantera y herrer√≠a es el punto focal. La fachada est√° parcialmente oscurecida por la frondosa vegetaci√≥n de dos grandes √°rboles en primer plano.","2025-11-25T09:25:53.881477","Emma"
"wikimedia_Acapulco_Guerrero_0_1764046266.jpg","Acapulco","Guerrero",16.853109,-99.823653,"ü§î",4,90,False,True,True,True,True,False,False,False,False,"hotel de lujo,resort,arquitectura en terraza,colina,paisaje costero,vegetaci√≥n tropical,palmeras,condominios,cielo azul despejado,turismo,costa del Pac√≠fico","Vista de una colina cubierta por complejos hoteleros y condominios de lujo, construidos en terrazas escalonadas. El primer plano est√° dominado por frondosa vegetaci√≥n tropical, incluyendo grandes palmeras, en un d√≠a soleado bajo un cielo azul.","2025-11-25T09:26:29.365708","Emma"
"wikimedia_Pachuca_Hidalgo_0_1764047039.jpg","Pachuca","Hidalgo",20.10106,-98.756887,"‚úÖ",5,80,True,True,True,False,True,False,True,False,True,"estadio moderno,arquitectura deportiva,techo circular,campo de f√∫tbol,asientos vac√≠os,arena deportiva,infraestructura,dise√±o contempor√°neo,gradas,iluminaci√≥n cenital","La entrada de una bas√≠lica o iglesia colonial, cubierta por una elaborada y colorida ofrenda o arco hecho con flores, que incluye s√≠mbolos religiosos y un letrero. Una gran multitud de personas entra y sale de la iglesia. El texto confirma la ubicaci√≥n en Pachuca.","2025-11-25T09:28:29.785945","Emma"
"wikimedia_Guadalajara_Jalisco_8_1764045697.jpg","Guadalajara","Jalisco",20.659699,-103.349609,"‚úÖ",4,80,True,True,True,True,True,False,False,True,True,"","Vista de una estatua de un personaje militar en bronce sobre un pedestal de piedra, situada en una plaza pavimentada. La escena se enmarca por √°rboles y, en el fondo, por la fachada de un gran edificio de arquitectura moderna con un revestimiento de color verde brillante.","2025-11-25T09:29:04.767253","Emma"
"wikimedia_Tepic_Nayarit_0_1764046431.jpg","Tepic","Nayarit",21.508458,-104.895691,"‚úÖ",4,80,True,True,True,True,True,False,True,False,False,"iglesia,arquitectura neog√≥tica,torres gemelas,fuente ornamental,noche,iluminaci√≥n c√°lida,exposici√≥n larga,chorros de agua,plaza p√∫blica,parque,√°rboles iluminados,estatua de animal,publicidad de Coca-Cola","Vista nocturna de una iglesia con altas torres gemelas de estilo neog√≥tico, fuertemente iluminada con luz c√°lida. Una fuente de varios niveles en primer plano lanza chorros de agua que se ven como columnas de luz. La escena est√° encuadrada por √°rboles y farolas encendidas, y se aprecia un toldo de Coca-Cola a la derecha.","2025-11-25T09:29:58.018369","Emma"
"wikimedia_Puebla_Puebla_3_1764045851.jpg","Puebla","Puebla",19.041296,-98.2062,"‚úÖ",5,100,True,False,True,True,False,False,False,False,True,"volc√°n,Popocat√©petl,Iztacc√≠huatl,pico nevado,nieve,fumarola,actividad volc√°nica,paisaje de monta√±a,altiplano central,bosque de con√≠feras,pastizal,cielo azul despejado","Vista frontal de un gran volc√°n con el pico cubierto de nieve, con una peque√±a fumarola de humo visible en la cima. La base del volc√°n est√° cubierta por un denso bosque de pinos, y el primer plano es un campo de pastizales bajo un cielo azul brillante.","2025-11-25T09:30:51.260633","Emma"
"wikimedia_Quer√©taro_Quer√©taro_0_1764046022.jpg","Quer√©taro","Quer√©taro",20.588793,-100.389888,"‚úÖ",5,95,True,True,False,True,True,False,True,True,False,"acueducto colonial,arquer√≠a,monumento hist√≥rico,arcos de piedra,calle urbana,tr√°fico vehicular,motocicleta,motociclista,√°rboles grandes,paisaje urbano,Quer√©taro","Vista de una calle en Quer√©taro con el gran acueducto colonial de piedra dominando el fondo. Un √°rbol frondoso se encuentra en el centro de la escena, parcialmente ocultando el acueducto. La calle muestra tr√°fico, incluyendo un motociclista en primer plano.","2025-11-25T09:32:10.803821","Emma"
"wikimedia_Canc√∫n_Quintana Roo_0_1764045994.jpg","Canc√∫n","Quintana Roo",21.161908,-86.851528,"‚úÖ",4,95,False,True,True,True,True,True,False,True,True,"hotel resort,arquitectura de lujo,noche,iluminaci√≥n c√°lida,palmeras,vegetaci√≥n tropical,zona hotelera,coche Beetle,cabinas telef√≥nicas,curva de carretera,turismo,Canc√∫n","Vista nocturna de la fachada de un gran hotel resort de lujo. El edificio es de color claro y est√° iluminado, destacando las numerosas ventanas arqueadas. El primer plano muestra una curva en la carretera, palmeras y un coche rojo estacionado.","2025-11-25T09:32:55.975443","Emma"
"wikimedia_Culiac√°n_Sinaloa_0_1764046384.jpg","Culiac√°n","Sinaloa",24.809064,-107.394013,"‚úÖ",5,100,False,True,True,True,True,False,False,True,True,"aeropuerto,terminal a√©rea,arquitectura moderna,techo curvo,letrero,Culiac√°n,Sinaloa,paisajismo,palmeras,c√©sped verde,estacionamiento,veh√≠culos,farolas,cielo azul despejado,infraestructura de transporte","Vista exterior del Aeropuerto Internacional de Culiac√°n en un d√≠a soleado. La terminal tiene un dise√±o moderno con un techo curvo y fachada de vidrio y metal. La escena se caracteriza por amplias √°reas de c√©sped verde y palmeras, con veh√≠culos estacionados a la derecha.","2025-11-25T09:33:48.000206","Emma"
"wikimedia_Hermosillo_Sonora_0_1764046180.jpg","Hermosillo","Sonora",29.072967,-110.955919,"‚úÖ",5,100,False,True,True,True,True,False,True,True,True,"aeropuerto,terminal a√©rea,arquitectura moderna,fachada angular,letrero,Hermosillo,Sonora,vegetaci√≥n des√©rtica,arbustos,cielo azul,soleado,infraestructura de transporte","Vista exterior del Aeropuerto Internacional de Hermosillo en un d√≠a soleado. La terminal tiene una fachada moderna con grandes ventanales y un elemento arquitect√≥nico angular de color gris. La fachada est√° pintada de amarillo y blanco. Varias personas entran y salen del edificio.","2025-11-25T09:34:27.851916","Emma"
"wikimedia_Villahermosa_Tabasco_0_1764046455.jpg","Villahermosa","Tabasco",17.986889,-92.930279,"‚úÖ",5,100,False,True,True,True,True,False,False,True,True,"centro comercial,Galer√≠as Tabasco,Villahermosa,Tabasco,edificio amarillo,tiendas departamentales,Liverpool,infraestructura vial,glorieta,jardiner√≠a ornamental,palmeras,se√±alizaci√≥n de tr√°fico,clima tropical","Vista elevada de la entrada a un centro comercial en Villahermosa, Tabasco (Galer√≠as Tabasco). La escena incluye una compleja intersecci√≥n vial, una glorieta ajardinada con un reloj central, y m√∫ltiples letreros que indican direcciones hacia el 'Parque Tabasco' y 'C√°rdenas'.","2025-11-25T09:35:11.354231","Emma"
"wikimedia_Tampico_Tamaulipas_0_1764046832.jpg","Tampico","Tamaulipas",22.233105,-97.861099,"ü§î",4,80,False,True,True,False,True,False,False,True,True,"tranv√≠a,transporte p√∫blico antiguo,calle urbana,√©poca hist√≥rica,arquitectura de mediados de siglo XX,edificios comerciales,sem√°foro,se√±alizaci√≥n de negocios,coche antiguo,luz del d√≠a,cableado el√©ctrico","Fotograf√≠a de √©poca que muestra un tranv√≠a de color amarillo circulando por una calle urbana con comercios. La escena incluye se√±alizaci√≥n de negocios de mediados del siglo XX y un coche cl√°sico estacionado o circulando. El ambiente es un centro de ciudad bajo luz solar intensa.","2025-11-25T09:35:44.062616","Emma"
"wikimedia_Veracruz_Veracruz_0_1764046227.jpg","Veracruz","Veracruz",19.173773,-96.134224,"‚úÖ",5,100,True,True,True,False,True,False,True,False,True,"Faro Venustiano Carranza,Veracruz,arquitectura neocl√°sica,torre del reloj,puerto,monumento,estatua de bronce,plaza p√∫blica,bandera mexicana,personas sentadas,turismo,edificio hist√≥rico","Vista frontal y sim√©trica del Faro Venustiano Carranza en Veracruz, con su caracter√≠stica torre del reloj y fachada de color blanco y rosa. Una estatua de un personaje hist√≥rico (Venustiano Carranza) est√° en el primer plano. Se ven varias personas sentadas y de pie en la plaza.","2025-11-25T09:36:31.047948","Emma"
"wikimedia_Zacatecas_Zacatecas_0_1764047613.jpg","Zacatecas","Zacatecas",22.77076,-102.58323,"‚úÖ",5,100,True,True,False,True,True,False,False,False,False,"fotograf√≠a hist√≥rica,blanco y negro,sepia,Catedral de Zacatecas,arquitectura barroca,churrigueresco,fachada ornamental,torres gemelas,c√∫pula,centro hist√≥rico,paisaje urbano en colina,densidad habitacional","Fotograf√≠a antigua (monocrom√°tica) de la fachada de la Catedral de Zacatecas, con sus dos torres y la portada central de estilo barroco exuberante. El fondo muestra las casas del centro hist√≥rico densamente construidas sobre una colina √°rida.","2025-11-25T09:37:19.656458","Emma"
"wikimedia_Aguascalientes_Aguascalientes_3_1764046134.jpg","Aguascalientes","Aguascalientes",21.885256,-102.291567,"‚úÖ",5,100,True,True,True,True,True,False,True,False,True,"bandera mexicana,Catedral de Aguascalientes,arquitectura barroca,cantera rosa,plaza p√∫blica,atrio,monumento religioso,torres gemelas,cielo azul,soleado,centro hist√≥rico,Aguascalientes","Vista de la Catedral Bas√≠lica de la Asunci√≥n de Mar√≠a Sant√≠sima en Aguascalientes, con su fachada de cantera y torres gemelas. La bandera mexicana ondea prominentemente en primer plano, dominando la escena. La imagen captura la plaza central con peatones bajo un cielo intensamente azul.","2025-11-25T09:38:43.306368","Emma"
"wikimedia_Aguascalientes_Aguascalientes_4_1764046136.jpg","Aguascalientes","Aguascalientes",21.885256,-102.291567,"‚úÖ",4,95,True,True,False,True,True,False,False,False,False,"calle urbana,√°ngulo contrapicado,poste de luz,cableado el√©ctrico,√°rboles,arquitectura colonial,farola antigua,centro hist√≥rico,cielo azul con nubes","Vista en contrapicado de una calle urbana con edificios coloniales. Un poste de luz vertical domina el centro, con m√∫ltiples cables el√©ctricos cruzando el cielo. La escena incluye √°rboles que enmarcan parcialmente la toma y una farola de estilo antiguo a la izquierda.","2025-11-25T10:37:35.654284","Emma"
"wikimedia_Aguascalientes_Aguascalientes_13_1764046150.jpg","Aguascalientes","Aguascalientes",21.885256,-102.291567,"ü§î",4,95,True,True,False,True,True,False,False,True,True,"iglesia moderna,arquitectura religiosa contempor√°nea,campanario exento,torre de campanas abierta,fachada de azulejos,estructura de hormig√≥n,cruz,√°rboles podados,toparios,reja blanca,calle urbana,cables el√©ctricos,cielo con nubes,coche blanco","Vista a nivel de calle de una iglesia cat√≥lica de estilo moderno. Destaca su campanario separado, una estructura abierta de columnas de hormig√≥n con varios niveles de campanas. La fachada principal tiene un acabado de azulejos rosados/rojizos y una figura central. La escena incluye √°rboles ornamentales bien podados y cables el√©ctricos urbanos.","2025-11-25T11:18:11.149800","Emma"
"wikimedia_Tijuana_Baja California_9_1764045888.jpg","Tijuana","Baja California",32.514946,-117.038246,"‚úÖ",5,100,False,False,True,False,True,False,True,False,True,"fotograf√≠a vintage,blanco y negro,1965,Tijuana,M√©xico,turismo fronterizo,zonkey,burro cebra,sombreros mexicanos,foto de recuerdo,familia,turistas,Avenida Revoluci√≥n,historia cultural,souvenir","Fotograf√≠a hist√≥rica en blanco y negro tomada en 1965. Muestra a un grupo de turistas posando con sombreros grandes y un 'Zonkey' (burro pintado con rayas de cebra), una tradici√≥n tur√≠stica ic√≥nica de Tijuana. El letrero del fondo confirma la fecha y el lugar.","2025-11-25T11:19:21.251615","Emma"
"wikimedia_La Paz_Baja California Sur_12_1764046579.jpg","La Paz","Baja California Sur",24.142642,-110.312753,"‚úÖ",5,95,False,False,False,True,False,True,True,False,False,"playa,agua cristalina,mar turquesa,bah√≠a tranquila,paddleboard,stand up paddle,deporte acu√°tico,monta√±as √°ridas,paisaje des√©rtico costero,cielo azul,nubes cirros,Baja California Sur,Mar de Cort√©s,turismo de naturaleza","Toma a nivel del agua que muestra una bah√≠a de aguas extremadamente tranquilas y cristalinas. Una persona practica paddleboarding en el centro. El fondo presenta una playa de arena blanca rodeada de monta√±as √°ridas y rocosas, t√≠picas del paisaje de Baja California Sur.","2025-11-25T11:20:48.864291","Emma"
"wikimedia_Campeche_Campeche_4_1764046518.jpg","Campeche","Campeche",19.845944,-90.523071,"‚úÖ",4,95,False,True,False,False,True,False,False,False,False,"arquitectura colonial,fachadas coloridas,casas hist√≥ricas,calle empedrada,adoqu√≠n,herrer√≠a,rejas de hierro,balcones,perspectiva urbana,luz c√°lida,atardecer,sombras largas,centro hist√≥rico,Campeche","Vista en perspectiva de una calle tranquila en un centro hist√≥rico. Las casas adosadas presentan una variedad de colores vibrantes en sus fachadas y cuentan con altas ventanas protegidas por rejas de hierro forjado. La luz c√°lida del sol bajo proyecta sombras largas sobre el pavimento de adoqu√≠n.","2025-11-25T11:21:44.953888","Emma"
"wikimedia_Tuxtla Guti√©rrez_Chiapas_3_1764046490.jpg","Tuxtla Guti√©rrez","Chiapas",16.753055,-93.115654,"ü§î",2,90,False,True,True,False,True,False,False,True,True,"","cantina, bar, restaurante, fachada comercial, letrero amarillo, tipograf√≠a, publicidad exterior, espectacular, calle urbana, cables el√©ctricos, poste de luz, veh√≠culos, coches, camioneta pickup, escalera, terraza de madera, banderas mexicanas, d√≠a nublado.","2025-11-25T11:22:43.454284","Emma"
"wikimedia_Ciudad Ju√°rez_Chihuahua_5_1764045934.jpg","Ciudad Ju√°rez","Chihuahua",31.690363,-106.424547,"‚úÖ",4,90,True,True,False,True,True,False,False,False,False,"paisaje urbano,vista panor√°mica,horizonte,skyline,Ciudad Ju√°rez,monta√±as √°ridas,sierra,catedral,torres gemelas,antena de comunicaciones,densidad urbana,teleobjetivo,d√≠a nublado,norte de M√©xico,edificios modernos","Vista panor√°mica tomada con teleobjetivo de una ciudad en el norte de M√©xico. Se observa una densa mezcla de zonas residenciales arboladas en primer plano y un centro urbano con edificios m√°s altos y una catedral al fondo. Una larga cadena de monta√±as √°ridas y planas domina el horizonte bajo un cielo gris.","2025-11-25T11:24:02.005870","Emma"
"wikimedia_Saltillo_Coahuila_2_1764046206.jpg","Saltillo","Coahuila",25.42654,-100.99551,"‚úÖ",5,100,True,True,False,False,False,False,False,False,False,"Catedral de Saltillo,arquitectura religiosa,barroco,churrigueresco,fachada ornamental,torres de iglesia,cantera,piedra tallada,columnas salom√≥nicas,√°ngulo contrapicado,cielo nublado,Coahuila","Vista en √°ngulo contrapicado de la fachada de la Catedral de Saltillo. Destaca la rica ornamentaci√≥n de estilo barroco churrigueresco en la portada central y la torre derecha, esculpidas en piedra, contrastando con la torre izquierda de estilo m√°s sobrio y acabado liso.","2025-11-25T11:25:04.691188","Emma"
"wikimedia_Colima_Colima_3_1764046707.jpg","Colima","Colima",19.243333,-103.724167,"‚úÖ",5,100,True,True,True,True,True,False,False,True,True,"noche,centro hist√≥rico,Palacio de Gobierno,torre del reloj,Museo Regional de Historia,arquitectura colonial,arcos,portales,iluminaci√≥n c√°lida,calle Reforma,veh√≠culos estacionados,Colima","Vista nocturna elevada de la calle Reforma en el centro de Colima. A la izquierda se impone el Palacio de Gobierno con su torre del reloj iluminada. A la derecha, el edificio del Museo Regional presenta una arcada iluminada. Varios veh√≠culos est√°n estacionados a lo largo de la calle.","2025-11-25T11:29:17.051065","Emma"
